{"cameraMode":{"drawMode":0,"name":"Shaded","section":"Shading Mode"},"sceneLighting":true,"audioPlay":false,"sceneViewState":{"m_AlwaysRefresh":false,"showFog":true,"showSkybox":true,"showFlares":true,"showImageEffects":true,"showParticleSystems":true,"showVisualEffectGraphs":true,"m_FxEnabled":true},"in2DMode":false,"pivot":{"x":-0.4587191045284271,"y":3.180365562438965,"z":2.263503313064575},"rotation":{"x":-0.00030963445897214115,"y":0.04258541762828827,"z":-0.000011964752957283054,"w":-0.999098002910614},"size":4.999040126800537,"orthographic":false}